{
    "r_regression": {
        "α": {
            "re": 1.0611389331039813,
            "im": 0.42018995485567306
        },
        "β": {
            "re": -22.382188334440173,
            "im": 2.2843166682503906
        },
        "SE_α": {
            "re": 0.006545886343913936,
            "im": 0.02138971608105856
        },
        "SE_β": {
            "re": 0.006949730909467318,
            "im": 0.022709341895536164
        }
    },
    "inva_regression": {
        "α": {
            "re": 7.168375467292671e-5,
            "im": -3.2181010501208826e-5
        },
        "β": {
            "re": -0.033131465509179024,
            "im": 0.0021072961510719343
        },
        "SE_α": {
            "re": 6.768093049521437e-6,
            "im": 3.3476827380694906e-6
        },
        "SE_β": {
            "re": 7.185646525644667e-6,
            "im": 3.5542160339344885e-6
        }
    }
}
