{
    "allmodelcomputation": [
        {
            "A₀_full": {
                "inv_a": {
                    "re": -0.033112244487321564,
                    "im": 0.002102423637130937
                },
                "N": {
                    "re": 0.010320673222086454,
                    "im": 0.0006713010920159415
                },
                "a_fm": -5.959335691531121,
                "r": {
                    "re": -22.105216726865958,
                    "im": 2.335212323653094
                },
                "r_fm": {
                    "re": -4.36195566780003,
                    "im": 0.4608003964193325
                }
            }
        },
        {
            "A₀_full_DˣD": {
                "inv_a": {
                    "re": -0.026952901509666963,
                    "im": 0.0012237613412563412
                },
                "N": {
                    "re": 0.010316023561023622,
                    "im": 0.0005544451883138572
                },
                "a_fm": -7.321177659823617,
                "r": {
                    "re": -3.1762939663747844,
                    "im": 0.8059500051150333
                },
                "r_fm": {
                    "re": -0.6267684972474753,
                    "im": 0.15903568086271408
                }
            }
        },
        {
            "A₀_π⁺D⁰D⁰": {
                "inv_a": {
                    "re": -0.02696595370126436,
                    "im": 0.0013786896752774288
                },
                "N": {
                    "re": 0.007024636221623139,
                    "im": 0.0005898537430052879
                },
                "a_fm": -7.317634027931594,
                "r": {
                    "re": -3.952360323071335,
                    "im": 1.3206786821815069
                },
                "r_fm": {
                    "re": -0.779907328004435,
                    "im": 0.260605536433528
                }
            }
        },
        {
            "A₀_DˣD": {
                "inv_a": {
                    "re": -0.026133362001872096,
                    "im": 0.0008319871217432655
                },
                "N": {
                    "re": 0.003475712286545354,
                    "im": -3.767629361889696e-5
                },
                "a_fm": -7.550769027952248,
                "r": {
                    "re": 0.810174209675137,
                    "im": -0.12065098007944758
                },
                "r_fm": {
                    "re": 0.15986923039315123,
                    "im": -0.02380769358137794
                }
            }
        },
        {
            "A₀′_DˣD": {
                "inv_a": {
                    "re": -0.026127825880573913,
                    "im": 0.0008315770973427411
                },
                "N": {
                    "re": 0.0034757966694921993,
                    "im": -3.767882227085334e-5
                },
                "a_fm": -7.552368930424976,
                "r": {
                    "re": 0.838793865812775,
                    "im": -0.109880539058838
                },
                "r_fm": {
                    "re": 0.1655166607188777,
                    "im": -0.02168239497720476
                }
            }
        }
    ],
    "withuncertainties": {
        "effective_range_disp_fm_Re": "-0.63^{+0.0}_{--0.0}",
        "inv_scatt_length_MeV_Re": "-33.11^{+2.2}_{-2.11}",
        "effective_range_high_fm_Im": "-0.63^{+0.0}_{--0.0}",
        "effective_range_fm_Im": "0.46^{+0.0}_{--0.0}",
        "effective_range_fm_Re": "-4.36^{+-0.0}_{--0.0}",
        "inv_scatt_length_MeV_Im": "2.1^{+-0.14}_{--0.14}"
    },
    "compositeness": {
        "Z_hanhart_95": [
            0.38118765746570893,
            0.9089600415033765
        ],
        "Z_polosa_95": [
            0.3505928672123308,
            0.6370710532448901
        ],
        "Z_polosa_90": [
            0.39351661225267576,
            0.6370710532448901
        ],
        "Z_hanhart_90": [
            0.43835698064293616,
            0.9089600415033765
        ]
    },
    "investigationsummary": {
        "effective_range_fm": {
            "re": -4.36,
            "im": 0.46
        },
        "inv_scatt_length_MeV": {
            "re": -33.11,
            "im": 2.1
        },
        "effective_range_high_fm": {
            "re": -3.74,
            "im": 0.3
        },
        "effective_range_disp_fm": {
            "re": -0.63,
            "im": 0.16
        }
    }
}
