{
    "pole_position": {
        "m_pole": -0.36005112783588217,
        "half_Γ_pole": -0.037311662115415214,
        "invDabs2": 1.0708935498119139e-21
    }
}
