{
    "additional": {
        "matching_point": 3.9,
        "Φ2_0p": 0.10130484091999284,
        "Φ2_p0": 0.1127646069264698,
        "forced_asymptotics_p0": 0.035960212513906416
    },
    "rho_thr": {
        "forced_asymptotics": 0.03810180519966589,
        "at_zero": 7.008963695319566e-5,
        "at_second_threshold": 0.00057325409716855,
        "at_m0": 1.2843523765566661e-5,
        "by_channel_at_m0": [
            4.808247083576915e-5,
            2.0134359948935242e-5,
            1.872806168491263e-6
        ],
        "at_matching_point": 0.004055039229122977
    }
}
